Start:,0,
Length:,4096,
Sample Rate:,100,
-78,
-111,
-119,
-110,
-99,
-99,
-119,
-159,
-213,
-268,
-314,
-338,
-329,
-280,
-189,
-62,
81,
220,
324,
372,
357,
288,
188,
87,
8,
-38,
-62,
-80,
-110,
-162,
-231,
-300,
-348,
-359,
-330,
-272,
-200,
-131,
-73,
-25,
18,
64,
109,
144,
159,
145,
105,
51,
2,
-26,
-27,
-2,
35,
76,
113,
144,
173,
196,
206,
188,
131,
34,
-82,
-182,
-225,
-183,
-57,
115,
275,
359,
327,
183,
-26,
-232,
-362,
-378,
-284,
-126,
30,
131,
152,
108,
41,
-2,
5,
60,
133,
186,
192,
152,
91,
47,
49,
101,
180,
247,
268,
230,
151,
71,
33,
62,
151,
264,
351,
367,
297,
157,
-8,
-148,
-224,
-221,
-151,
-46,
54,
124,
147,
123,
65,
-13,
-95,
-166,
-213,
-223,
-195,
-134,
-58,
9,
48,
46,
12,
-33,
-64,
-64,
-34,
3,
14,
-28,
-128,
-261,
-380,
-434,
-391,
-254,
-62,
125,
251,
287,
236,
136,
34,
-33,
-57,
-51,
-44,
-60,
-100,
-144,
-163,
-132,
-54,
43,
118,
135,
84,
-13,
-109,
-155,
-123,
-21,
108,
209,
235,
173,
44,
-100,
-211,
-254,
-230,
-164,
-93,
-49,
-38,
-50,
-62,
-53,
-21,
24,
64,
88,
93,
91,
95,
109,
125,
124,
92,
31,
-36,
-73,
-47,
47,
183,
303,
344,
269,
86,
-149,
-353,
-448,
-400,
-229,
-6,
179,
262,
225,
104,
-27,
-103,
-87,
3,
114,
179,
155,
45,
-105,
-232,
-281,
-235,
-124,
-3,
72,
72,
8,
-75,
-129,
-115,
-32,
89,
204,
272,
281,
243,
190,
152,
144,
156,
166,
151,
102,
32,
-33,
-69,
-64,
-25,
21,
50,
40,
-9,
-82,
-154,
-201,
-214,
-196,
-158,
-113,
-69,
-29,
8,
41,
67,
80,
77,
62,
49,
49,
72,
115,
163,
196,
197,
160,
97,
29,
-21,
-47,
-52,
-54,
-72,
-116,
-177,
-230,
-251,
-223,
-153,
-64,
4,
24,
-14,
-96,
-187,
-248,
-253,
-201,
-114,
-31,
13,
0,
-67,
-167,
-264,
-327,
-334,
-280,
-178,
-50,
77,
176,
229,
226,
175,
97,
21,
-20,
-11,
49,
136,
212,
234,
181,
56,
-105,
-254,
-341,
-338,
-249,
-111,
26,
119,
143,
103,
26,
-52,
-102,
-113,
-86,
-35,
27,
94,
162,
229,
287,
322,
318,
269,
183,
82,
-1,
-44,
-38,
3,
50,
71,
45,
-22,
-107,
-173,
-190,
-149,
-64,
36,
117,
158,
155,
120,
77,
46,
38,
52,
83,
126,
176,
229,
277,
306,
296,
229,
101,
-72,
-257,
-406,
-478,
-456,
-346,
-184,
-15,
117,
192,
209,
186,
151,
125,
117,
127,
146,
165,
177,
179,
167,
141,
96,
37,
-29,
-88,
-125,
-132,
-112,
-83,
-67,
-80,
-120,
-169,
-193,
-167,
-81,
45,
173,
258,
273,
218,
125,
42,
7,
35,
106,
179,
212,
187,
120,
53,
32,
86,
204,
341,
437,
441,
338,
158,
-40,
-195,
-267,
-253,
-188,
-119,
-86,
-101,
-147,
-190,
-201,
-170,
-111,
-55,
-31,
-49,
-100,
-154,
-185,
-178,
-141,
-96,
-67,
-64,
-79,
-90,
-69,
-6,
91,
196,
276,
307,
282,
215,
126,
34,
-54,
-141,
-231,
-321,
-393,
-420,
-378,
-263,
-98,
66,
174,
182,
78,
-104,
-306,
-456,
-502,
-431,
-272,
-84,
64,
127,
89,
-26,
-169,
-284,
-325,
-277,
-154,
5,
154,
250,
274,
229,
145,
62,
15,
24,
83,
165,
229,
242,
192,
96,
-6,
-67,
-54,
37,
178,
317,
400,
395,
307,
172,
41,
-39,
-53,
-13,
41,
69,
43,
-35,
-139,
-235,
-293,
-307,
-289,
-263,
-247,
-245,
-246,
-233,
-198,
-149,
-109,
-100,
-132,
-189,
-237,
-238,
-169,
-43,
94,
185,
182,
72,
-106,
-286,
-393,
-380,
-248,
-49,
139,
247,
241,
135,
-15,
-143,
-195,
-156,
-47,
84,
196,
257,
268,
244,
210,
181,
158,
135,
105,
70,
42,
37,
64,
117,
178,
220,
225,
186,
115,
31,
-48,
-117,
-180,
-247,
-319,
-381,
-406,
-363,
-239,
-47,
169,
353,
450,
436,
326,
166,
17,
-71,
-81,
-32,
34,
74,
61,
0,
-79,
-138,
-146,
-99,
-14,
72,
131,
146,
124,
89,
67,
72,
101,
133,
139,
99,
11,
-106,
-220,
-291,
-291,
-211,
-68,
105,
265,
372,
402,
353,
247,
119,
9,
-52,
-56,
-16,
39,
77,
75,
32,
-28,
-72,
-67,
1,
120,
253,
351,
375,
313,
181,
22,
-115,
-193,
-197,
-140,
-55,
24,
70,
74,
39,
-23,
-102,
-190,
-281,
-368,
-435,
-464,
-439,
-355,
-224,
-79,
43,
110,
108,
50,
-32,
-104,
-133,
-112,
-54,
14,
66,
84,
66,
25,
-21,
-59,
-82,
-92,
-93,
-88,
-76,
-52,
-19,
15,
37,
29,
-15,
-94,
-184,
-257,
-287,
-261,
-190,
-98,
-18,
26,
26,
-4,
-43,
-62,
-45,
9,
89,
179,
264,
336,
397,
450,
490,
505,
478,
395,
253,
73,
-110,
-253,
-319,
-290,
-178,
-19,
140,
257,
306,
289,
227,
154,
102,
87,
107,
143,
172,
175,
144,
86,
19,
-38,
-73,
-82,
-71,
-55,
-43,
-42,
-51,
-64,
-73,
-72,
-59,
-39,
-17,
2,
16,
20,
12,
-8,
-43,
-87,
-131,
-159,
-154,
-108,
-22,
86,
192,
270,
305,
300,
275,
256,
263,
294,
328,
328,
266,
137,
-28,
-178,
-256,
-226,
-98,
77,
225,
276,
203,
31,
-171,
-321,
-360,
-283,
-137,
-4,
42,
-29,
-190,
-369,
-478,
-464,
-325,
-115,
79,
189,
186,
99,
-8,
-68,
-48,
36,
132,
174,
128,
7,
-133,
-221,
-208,
-93,
69,
202,
240,
161,
0,
-170,
-271,
-263,
-156,
-10,
100,
125,
59,
-57,
-159,
-193,
-145,
-44,
51,
88,
45,
-55,
-162,
-220,
-200,
-114,
-4,
75,
93,
49,
-22,
-76,
-82,
-39,
26,
73,
76,
33,
-25,
-62,
-50,
9,
86,
135,
123,
48,
-57,
-144,
-170,
-122,
-26,
69,
117,
95,
22,
-53,
-81,
-31,
85,
223,
319,
326,
232,
68,
-109,
-246,
-310,
-305,
-259,
-210,
-185,
-188,
-202,
-206,
-188,
-151,
-111,
-85,
-78,
-82,
-78,
-53,
-11,
28,
38,
0,
-83,
-181,
-251,
-259,
-198,
-94,
0,
38,
-4,
-112,
-234,
-310,
-298,
-194,
-34,
119,
213,
220,
157,
67,
2,
-10,
24,
74,
97,
65,
-14,
-109,
-173,
-173,
-102,
11,
122,
188,
188,
133,
54,
-12,
-43,
-38,
-13,
7,
12,
1,
-10,
-7,
15,
45,
58,
35,
-31,
-126,
-215,
-262,
-242,
-155,
-26,
108,
212,
264,
265,
232,
188,
154,
136,
132,
133,
131,
123,
112,
102,
96,
98,
106,
120,
139,
157,
167,
158,
121,
54,
-30,
-108,
-147,
-123,
-34,
95,
224,
304,
308,
239,
136,
51,
27,
75,
164,
233,
223,
105,
-95,
-313,
-461,
-472,
-330,
-79,
193,
394,
464,
403,
262,
121,
45,
60,
139,
222,
245,
177,
31,
-140,
-273,
-318,
-268,
-153,
-24,
66,
96,
73,
28,
-3,
-2,
29,
71,
96,
87,
43,
-20,
-86,
-139,
-174,
-194,
-202,
-198,
-178,
-140,
-89,
-42,
-22,
-49,
-123,
-220,
-299,
-317,
-248,
-94,
105,
300,
439,
496,
474,
403,
318,
241,
175,
106,
20,
-82,
-182,
-241,
-228,
-133,
17,
171,
268,
267,
166,
5,
-153,
-251,
-261,
-191,
-85,
6,
48,
36,
-7,
-47,
-54,
-25,
19,
51,
45,
0,
-69,
-137,
-182,
-205,
-223,
-259,
-321,
-397,
-450,
-439,
-340,
-166,
37,
205,
281,
243,
117,
-34,
-143,
-161,
-83,
50,
179,
247,
230,
147,
45,
-23,
-27,
28,
111,
171,
176,
121,
29,
-55,
-96,
-83,
-29,
26,
48,
17,
-59,
-151,
-216,
-224,
-166,
-57,
69,
177,
240,
248,
209,
140,
62,
-9,
-66,
-105,
-128,
-138,
-141,
-139,
-133,
-122,
-99,
-59,
1,
77,
154,
210,
223,
183,
96,
-14,
-116,
-178,
-187,
-151,
-95,
-48,
-31,
-43,
-63,
-58,
-8,
91,
217,
330,
392,
384,
314,
212,
114,
44,
5,
-22,
-64,
-134,
-223,
-296,
-313,
-247,
-103,
76,
228,
295,
250,
111,
-61,
-197,
-240,
-176,
-37,
111,
203,
203,
117,
-7,
-107,
-135,
-77,
35,
145,
196,
157,
38,
-114,
-241,
-291,
-244,
-121,
35,
176,
267,
299,
292,
276,
275,
299,
331,
346,
317,
230,
95,
-58,
-193,
-278,
-298,
-258,
-184,
-110,
-65,
-64,
-104,
-166,
-222,
-249,
-233,
-178,
-98,
-16,
49,
91,
113,
127,
147,
179,
216,
243,
241,
201,
125,
33,
-45,
-90,
-91,
-59,
-20,
-4,
-28,
-86,
-154,
-196,
-182,
-107,
6,
116,
175,
156,
64,
-62,
-169,
-209,
-160,
-42,
97,
195,
204,
112,
-55,
-242,
-387,
-445,
-404,
-287,
-138,
-8,
69,
87,
57,
5,
-42,
-71,
-79,
-76,
-74,
-84,
-108,
-141,
-177,
-206,
-220,
-214,
-185,
-135,
-69,
-2,
50,
75,
65,
27,
-16,
-41,
-24,
39,
136,
230,
278,
252,
144,
-18,
-188,
-310,
-347,
-290,
-168,
-31,
66,
91,
41,
-53,
-144,
-184,
-146,
-36,
113,
261,
365,
406,
385,
324,
250,
186,
140,
112,
91,
69,
43,
19,
5,
5,
17,
34,
42,
32,
2,
-40,
-83,
-112,
-120,
-106,
-78,
-48,
-24,
-9,
0,
8,
25,
49,
74,
87,
73,
23,
-61,
-169,
-281,
-372,
-421,
-417,
-362,
-271,
-166,
-70,
-2,
31,
31,
10,
-18,
-42,
-52,
-46,
-26,
5,
45,
90,
140,
191,
236,
267,
274,
251,
202,
135,
68,
15,
-11,
-11,
7,
31,
46,
44,
27,
6,
-7,
-5,
13,
39,
57,
55,
26,
-20,
-71,
-108,
-119,
-106,
-80,
-62,
-69,
-106,
-160,
-205,
-212,
-160,
-48,
101,
246,
338,
341,
245,
73,
-126,
-290,
-366,
-324,
-174,
41,
260,
421,
479,
427,
287,
109,
-52,
-154,
-179,
-135,
-53,
31,
89,
107,
88,
49,
4,
-34,
-65,
-94,
-123,
-148,
-159,
-139,
-80,
11,
117,
204,
245,
227,
162,
81,
27,
31,
101,
210,
311,
350,
296,
152,
-39,
-215,
-315,
-304,
-194,
-32,
111,
182,
157,
57,
-60,
-134,
-122,
-24,
120,
248,
303,
262,
147,
16,
-62,
-42,
78,
256,
415,
482,
417,
230,
-16,
-241,
-368,
-361,
-233,
-42,
137,
244,
251,
172,
51,
-58,
-121,
-129,
-99,
-65,
-55,
-78,
-124,
-169,
-191,
-179,
-141,
-98,
-72,
-72,
-93,
-113,
-109,
-68,
2,
76,
121,
107,
28,
-98,
-234,
-338,
-376,
-341,
-250,
-138,
-44,
3,
-1,
-44,
-99,
-140,
-150,
-126,
-81,
-32,
3,
19,
20,
13,
11,
21,
47,
83,
124,
160,
185,
196,
191,
170,
136,
96,
58,
33,
30,
52,
97,
156,
215,
262,
289,
294,
280,
257,
229,
200,
168,
130,
85,
31,
-24,
-77,
-122,
-154,
-173,
-180,
-174,
-153,
-116,
-64,
-8,
35,
49,
20,
-51,
-149,
-241,
-291,
-274,
-186,
-46,
105,
224,
281,
269,
207,
129,
69,
42,
42,
44,
19,
-47,
-149,
-255,
-325,
-332,
-271,
-169,
-70,
-19,
-42,
-131,
-250,
-351,
-397,
-374,
-298,
-208,
-137,
-104,
-102,
-104,
-79,
-13,
83,
176,
226,
208,
125,
13,
-78,
-105,
-47,
75,
217,
319,
339,
263,
116,
-58,
-209,
-303,
-330,
-303,
-246,
-183,
-123,
-66,
-6,
58,
120,
168,
187,
172,
132,
83,
44,
25,
24,
30,
26,
7,
-22,
-45,
-44,
-11,
48,
113,
157,
164,
133,
82,
40,
29,
57,
110,
161,
187,
176,
137,
96,
81,
109,
175,
254,
312,
323,
281,
201,
113,
47,
17,
21,
37,
41,
15,
-42,
-117,
-191,
-245,
-273,
-278,
-267,
-245,
-211,
-163,
-98,
-26,
33,
58,
31,
-50,
-167,
-285,
-371,
-403,
-383,
-335,
-288,
-268,
-277,
-300,
-306,
-270,
-187,
-73,
34,
101,
105,
52,
-30,
-103,
-138,
-123,
-73,
-14,
26,
32,
7,
-34,
-75,
-103,
-119,
-131,
-147,
-170,
-194,
-209,
-209,
-198,
-184,
-176,
-176,
-169,
-134,
-51,
82,
243,
386,
461,
436,
315,
140,
-23,
-115,
-103,
-3,
134,
246,
283,
240,
149,
69,
50,
106,
210,
304,
328,
254,
98,
-80,
-210,
-239,
-161,
-20,
113,
171,
122,
-15,
-185,
-317,
-364,
-319,
-217,
-115,
-59,
-65,
-112,
-154,
-147,
-75,
44,
168,
248,
256,
201,
120,
64,
71,
146,
262,
369,
420,
392,
296,
170,
63,
14,
35,
110,
206,
286,
325,
315,
265,
193,
114,
39,
-29,
-88,
-132,
-153,
-140,
-87,
2,
112,
219,
298,
333,
320,
269,
202,
144,
113,
116,
148,
191,
227,
237,
214,
162,
95,
31,
-13,
-33,
-33,
-28,
-34,
-60,
-102,
-146,
-170,
-156,
-102,
-21,
57,
107,
110,
69,
6,
-46,
-62,
-35,
19,
70,
86,
49,
-28,
-116,
-173,
-170,
-101,
9,
124,
201,
218,
176,
97,
12,
-57,
-106,
-141,
-171,
-198,
-207,
-178,
-97,
30,
171,
276,
296,
208,
31,
-177,
-346,
-415,
-365,
-226,
-66,
44,
58,
-21,
-148,
-251,
-272,
-187,
-24,
151,
270,
286,
195,
42,
-108,
-195,
-185,
-87,
56,
193,
276,
286,
229,
129,
17,
-83,
-157,
-199,
-204,
-173,
-104,
-7,
101,
195,
246,
234,
156,
27,
-121,
-257,
-353,
-394,
-381,
-323,
-230,
-114,
15,
144,
250,
309,
300,
221,
87,
-62,
-181,
-233,
-206,
-120,
-19,
41,
28,
-67,
-217,
-372,
-480,
-511,
-464,
-370,
-270,
-203,
-185,
-207,
-242,
-258,
-235,
-173,
-88,
-6,
48,
62,
37,
-11,
-67,
-110,
-126,
-108,
-51,
39,
155,
279,
388,
458,
467,
408,
286,
123,
-45,
-186,
-270,
-281,
-220,
-101,
50,
204,
328,
397,
397,
328,
209,
75,
-33,
-81,
-51,
46,
175,
284,
328,
279,
148,
-27,
-190,
-289,
-297,
-222,
-103,
4,
56,
29,
-64,
-188,
-293,
-339,
-308,
-212,
-83,
35,
107,
110,
46,
-66,
-194,
-302,
-361,
-354,
-281,
-161,
-22,
103,
186,
216,
196,
148,
99,
73,
79,
109,
142,
154,
132,
77,
6,
-54,
-84,
-78,
-48,
-17,
-10,
-38,
-97,
-165,
-218,
-235,
-214,
-167,
-113,
-69,
-41,
-16,
22,
91,
190,
302,
396,
437,
406,
304,
157,
3,
-116,
-174,
-166,
-107,
-27,
40,
73,
61,
11,
-56,
-118,
-152,
-144,
-93,
-12,
76,
142,
160,
113,
4,
-143,
-294,
-407,
-450,
-412,
-306,
-164,
-25,
77,
128,
133,
115,
98,
100,
122,
151,
165,
146,
88,
4,
-82,
-142,
-155,
-116,
-38,
50,
120,
148,
127,
66,
-8,
-68,
-90,
-65,
-1,
79,
146,
176,
160,
108,
47,
9,
15,
70,
151,
222,
243,
193,
74,
-76,
-206,
-263,
-217,
-76,
120,
310,
434,
458,
383,
243,
93,
-18,
-63,
-42,
18,
80,
113,
100,
44,
-36,
-118,
-185,
-226,
-239,
-227,
-195,
-148,
-92,
-35,
11,
39,
47,
41,
35,
46,
84,
142,
201,
231,
206,
116,
-23,
-176,
-297,
-348,
-312,
-202,
-53,
87,
181,
211,
183,
122,
60,
22,
16,
36,
65,
85,
89,
81,
74,
83,
115,
169,
231,
279,
296,
272,
211,
131,
54,
4,
-7,
15,
58,
95,
105,
80,
27,
-27,
-54,
-32,
41,
146,
243,
291,
262,
156,
3,
-148,
-252,
-279,
-232,
-142,
-54,
-4,
-3,
-34,
-59,
-44,
27,
139,
248,
301,
263,
131,
-62,
-259,
-401,
-451,
-408,
-303,
-182,
-91,
-53,
-63,
-99,
-137,
-157,
-155,
-141,
-122,
-101,
-69,
-15,
67,
168,
261,
312,
291,
192,
35,
-141,
-288,
-371,
-376,
-316,
-221,
-119,
-28,
50,
126,
209,
295,
364,
386,
337,
209,
24,
-175,
-336,
-416,
-402,
-311,
-189,
-90,
-56,
-99,
-201,
-316,
-391,
-383,
-278,
-94,
122,
313,
426,
435,
342,
184,
13,
-115,
-165,
-127,
-26,
96,
191,
223,
187,
101,
5,
-59,
-66,
-14,
75,
166,
226,
236,
202,
142,
83,
43,
26,
23,
17,
-2,
-37,
-74,
-96,
-89,
-50,
8,
69,
112,
125,
109,
71,
22,
-32,
-90,
-152,
-215,
-271,
-303,
-298,
-250,
-168,
-73,
3,
39,
27,
-21,
-83,
-134,
-158,
-159,
-154,
-161,
-191,
-235,
-272,
-276,
-229,
-138,
-25,
74,
132,
140,
114,
81,
73,
104,
164,
227,
260,
246,
184,
97,
10,
-53,
-95,
-129,
-174,
-240,
-314,
-361,
-346,
-246,
-73,
127,
289,
354,
295,
136,
-63,
-229,
-302,
-267,
-153,
-23,
61,
68,
4,
-83,
-140,
-124,
-33,
96,
209,
255,
210,
92,
-53,
-176,
-242,
-247,
-215,
-178,
-160,
-161,
-161,
-135,
-69,
22,
108,
148,
121,
38,
-57,
-109,
-72,
57,
239,
400,
471,
411,
236,
13,
-168,
-235,
-163,
13,
215,
349,
351,
214,
-13,
-248,
-408,
-445,
-362,
-209,
-52,
50,
75,
38,
-24,
-70,
-74,
-38,
17,
66,
90,
90,
76,
65,
65,
72,
77,
68,
48,
28,
28,
61,
125,
199,
251,
255,
203,
110,
13,
-53,
-67,
-33,
22,
64,
69,
34,
-14,
-43,
-25,
43,
140,
225,
264,
244,
184,
124,
104,
143,
229,
320,
366,
334,
227,
85,
-34,
-82,
-44,
56,
164,
220,
193,
89,
-47,
-159,
-201,
-166,
-86,
-15,
-1,
-63,
-179,
-294,
-352,
-316,
-193,
-23,
131,
219,
220,
151,
55,
-18,
-42,
-15,
35,
75,
80,
46,
-7,
-51,
-62,
-35,
11,
48,
48,
-2,
-92,
-194,
-273,
-305,
-278,
-204,
-105,
-10,
59,
90,
80,
38,
-18,
-74,
-109,
-112,
-79,
-19,
48,
99,
112,
79,
13,
-60,
-108,
-104,
-43,
55,
155,
215,
209,
137,
24,
-87,
-157,
-163,
-106,
-13,
79,
140,
152,
119,
63,
9,
-18,
-9,
39,
117,
206,
286,
333,
325,
250,
112,
-65,
-241,
-367,
-403,
-334,
-183,
-3,
140,
193,
135,
-6,
-175,
-301,
-336,
-267,
-126,
30,
146,
196,
187,
161,
163,
218,
316,
411,
449,
388,
231,
20,
-171,
-276,
-258,
-131,
45,
194,
249,
185,
24,
-174,
-342,
-427,
-416,
-335,
-231,
-153,
-129,
-160,
-218,
-269,
-283,
-249,
-174,
-81,
6,
71,
107,
115,
101,
68,
16,
-55,
-146,
-246,
-340,
-405,
-423,
-386,
-298,
-177,
-49,
59,
132,
166,
171,
166,
166,
180,
200,
209,
183,
109,
-10,
-152,
-274,
-336,
-311,
-200,
-37,
127,
240,
267,
208,
95,
-20,
-90,
-91,
-34,
43,
93,
84,
12,
-90,
-175,
-195,
-131,
0,
149,
259,
286,
218,
82,
-69,
-184,
-225,
-187,
-94,
14,
103,
151,
156,
134,
99,
64,
30,
-5,
-46,
-86,
-116,
-123,
-101,
-53,
2,
46,
65,
56,
29,
3,
-7,
0,
16,
24,
10,
-31,
-89,
-141,
-164,
-144,
-85,
-6,
68,
117,
132,
118,
92,
69,
58,
56,
53,
38,
8,
-28,
-58,
-66,
-45,
-2,
44,
74,
68,
23,
-47,
-120,
-167,
-167,
-114,
-19,
90,
183,
230,
215,
142,
31,
-84,
-167,
-192,
-148,
-47,
82,
204,
287,
312,
284,
224,
160,
117,
102,
108,
114,
99,
56,
-7,
-66,
-91,
-61,
24,
146,
268,
354,
379,
338,
249,
140,
39,
-34,
-76,
-92,
-91,
-78,
-55,
-18,
31,
90,
145,
181,
187,
164,
119,
68,
23,
-9,
-36,
-68,
-112,
-170,
-231,
-277,
-293,
-271,
-221,
-163,
-117,
-98,
-106,
-129,
-149,
-154,
-143,
-129,
-129,
-154,
-196,
-232,
-229,
-162,
-27,
149,
318,
422,
421,
309,
116,
-94,
-254,
-314,
-261,
-121,
47,
179,
229,
183,
64,
-78,
-192,
-242,
-216,
-136,
-34,
52,
105,
123,
125,
131,
151,
179,
192,
164,
79,
-55,
-207,
-327,
-367,
-303,
-148,
50,
225,
313,
281,
139,
-61,
-251,
-362,
-358,
-244,
-65,
119,
255,
315,
304,
250,
188,
141,
112,
82,
32,
-47,
-144,
-228,
-266,
-237,
-147,
-32,
59,
90,
47,
-46,
-139,
-176,
-122,
16,
195,
348,
413,
358,
202,
0,
-175,
-257,
-222,
-85,
98,
261,
350,
342,
249,
108,
-35,
-148,
-219,
-254,
-270,
-283,
-298,
-310,
-310,
-292,
-259,
-221,
-193,
-182,
-184,
-187,
-177,
-145,
-94,
-40,
-2,
6,
-11,
-38,
-49,
-26,
33,
111,
172,
183,
124,
8,
-128,
-233,
-262,
-197,
-58,
110,
250,
319,
300,
214,
101,
6,
-42,
-40,
-8,
26,
47,
52,
59,
85,
140,
206,
250,
233,
131,
-42,
-241,
-400,
-462,
-401,
-242,
-47,
106,
162,
106,
-28,
-172,
-257,
-240,
-123,
45,
204,
298,
307,
247,
163,
100,
84,
111,
152,
175,
161,
114,
61,
31,
39,
78,
119,
131,
95,
20,
-57,
-98,
-70,
24,
153,
268,
324,
304,
224,
129,
66,
63,
115,
187,
232,
213,
123,
-11,
-147,
-237,
-258,
-211,
-122,
-24,
59,
121,
171,
218,
265,
300,
304,
258,
163,
39,
-75,
-148,
-162,
-126,
-73,
-41,
-58,
-123,
-211,
-282,
-302,
-262,
-180,
-93,
-39,
-36,
-76,
-128,
-155,
-135,
-68,
19,
92,
122,
103,
50,
-3,
-27,
-7,
49,
120,
180,
213,
218,
205,
186,
164,
132,
76,
-9,
-116,
-215,
-270,
-250,
-150,
2,
158,
261,
273,
191,
44,
-114,
-233,
-283,
-268,
-216,
-169,
-153,
-173,
-210,
-232,
-215,
-154,
-67,
13,
59,
57,
19,
-27,
-54,
-46,
-9,
33,
52,
29,
-33,
-113,
-176,
-197,
-168,
-105,
-38,
1,
1,
-34,
-82,
-110,
-101,
-52,
15,
71,
86,
46,
-44,
-162,
-277,
-364,
-407,
-401,
-353,
-272,
-167,
-50,
64,
158,
211,
209,
150,
50,
-59,
-144,
-176,
-152,
-89,
-21,
16,
7,
-38,
-88,
-99,
-43,
79,
234,
367,
423,
378,
243,
71,
-71,
-129,
-80,
51,
209,
328,
362,
299,
170,
30,
-69,
-97,
-56,
25,
107,
157,
165,
139,
100,
66,
43,
24,
0,
-33,
-69,
-88,
-76,
-27,
40,
99,
117,
81,
5,
-73,
-108,
-69,
44,
197,
332,
396,
364,
251,
107,
-6,
-46,
-4,
84,
164,
181,
115,
-13,
-153,
-244,
-245,
-154,
-8,
137,
233,
255,
217,
157,
117,
121,
168,
231,
274,
273,
225,
150,
75,
21,
-5,
-18,
-39,
-79,
-136,
-191,
-218,
-199,
-137,
-55,
10,
30,
-7,
-91,
-190,
-270,
-306,
-293,
-247,
-192,
-149,
-127,
-119,
-113,
-96,
-64,
-27,
3,
15,
5,
-22,
-57,
-90,
-116,
-137,
-155,
-170,
-174,
-160,
-122,
-62,
1,
49,
63,
35,
-19,
-77,
-110,
-101,
-55,
6,
55,
69,
47,
9,
-14,
3,
69,
162,
242,
266,
212,
85,
-73,
-209,
-274,
-242,
-128,
28,
172,
254,
252,
173,
47,
-85,
-188,
-242,
-245,
-210,
-155,
-99,
-60,
-46,
-61,
-102,
-159,
-214,
-250,
-249,
-201,
-111,
6,
128,
230,
296,
323,
314,
281,
232,
173,
105,
28,
-50,
-118,
-157,
-155,
-109,
-31,
54,
122,
152,
139,
94,
40,
0,
-13,
1,
30,
58,
71,
64,
39,
4,
-34,
-75,
-119,
-165,
-205,
-225,
-205,
-134,
-15,
129,
267,
360,
383,
333,
235,
124,
41,
9,
26,
69,
101,
91,
31,
-65,
-161,
-213,
-192,
-93,
57,
210,
309,
314,
210,
21,
-203,
-399,
-508,
-500,
-376,
-171,
55,
246,
354,
359,
271,
122,
-46,
-197,
-305,
-359,
-365,
-332,
-273,
-199,
-118,
-42,
17,
49,
48,
21,
-15,
-37,
-24,
30,
116,
200,
246,
222,
122,
-32,
-199,
-330,
-387,
-361,
-269,
-150,
-45,
20,
41,
34,
23,
28,
49,
76,
86,
65,
15,
-44,
-85,
-82,
-28,
64,
165,
237,
255,
211,
117,
2,
-102,
-172,
-196,
-171,
-108,
-18,
79,
171,
236,
261,
237,
168,
71,
-24,
-90,
-106,
-72,
-8,
52,
80,
63,
12,
-39,
-53,
-2,
112,
262,
395,
460,
426,
295,
101,
-100,
-255,
-330,
-319,
-242,
-133,
-24,
65,
134,
190,
245,
303,
358,
395,
400,
363,
287,
188,
85,
-2,
-64,
-98,
-112,
-115,
-116,
-118,
-119,
-111,
-89,
-53,
-10,
26,
45,
36,
3,
-39,
-65,
-51,
15,
129,
260,
364,
398,
337,
185,
-15,
-204,
-320,
-323,
-215,
-36,
145,
266,
284,
199,
49,
-104,
-208,
-228,
-168,
-61,
45,
114,
127,
90,
29,
-30,
-70,
-85,
-87,
-89,
-102,
-129,
-168,
-209,
-244,
-265,
-267,
-244,
-192,
-113,
-17,
76,
143,
163,
132,
66,
1,
-24,
14,
115,
244,
345,
368,
290,
127,
-68,
-230,
-309,
-290,
-203,
-105,
-56,
-82,
-170,
-271,
-327,
-297,
-184,
-30,
103,
163,
135,
46,
-51,
-104,
-89,
-26,
35,
42,
-29,
-161,
-293,
-353,
-295,
-121,
109,
308,
394,
331,
148,
-74,
-240,
-275,
-163,
50,
280,
436,
465,
366,
187,
0,
-133,
-187,
-175,
-140,
-122,
-146,
-202,
-259,
-278,
-238,
-143,
-25,
73,
116,
91,
11,
-89,
-173,
-211,
-196,
-138,
-62,
6,
52,
70,
70,
65,
70,
92,
128,
169,
200,
204,
173,
104,
7,
-99,
-193,
-256,
-274,
-250,
-197,
-136,
-88,
-67,
-75,
-99,
-124,
-133,
-116,
-75,
-21,
32,
70,
85,
77,
51,
14,
-22,
-53,
-72,
-75,
-61,
-37,
-13,
-1,
-14,
-58,
-128,
-205,
-262,
-273,
-224,
-121,
13,
141,
225,
243,
193,
99,
-2,
-75,
-95,
-60,
9,
81,
122,
114,
59,
-19,
-89,
-115,
-79,
19,
157,
296,
398,
431,
385,
274,
130,
-5,
-101,
-139,
-125,
-84,
-49,
-43,
-75,
-127,
-172,
-178,
-130,
-38,
64,
134,
138,
65,
-62,
-199,
-292,
-305,
-234,
-107,
23,
111,
125,
70,
-23,
-109,
-151,
-135,
-72,
6,
70,
103,
109,
108,
121,
159,
212,
255,
259,
212,
122,
23,
-44,
-48,
18,
136,
263,
353,
378,
332,
239,
133,
50,
7,
4,
27,
61,
97,
139,
195,
267,
345,
400,
400,
319,
154,
-63,
-282,
-439,
-487,
-412,
-236,
-12,
193,
329,
367,
314,
201,
71,
-37,
-102,
-120,
-99,
-56,
-7,
34,
58,
57,
24,
-39,
-123,
-207,
-263,
-263,
-195,
-65,
96,
249,
348,
369,
308,
192,
58,
-53,
-120,
-141,
-130,
-108,
-88,
-71,
-44,
6,
84,
175,
249,
272,
226,
116,
-25,
-149,
-213,
-201,
-127,
-36,
20,
6,
-81,
-213,
-335,
-398,
-378,
-289,
-173,
-83,
-53,
-85,
-147,
-189,
-169,
-74,
68,
205,
280,
256,
140,
-27,
-182,
-270,
-264,
-177,
-52,
58,
119,
121,
86,
50,
42,
73,
127,
174,
183,
141,
59,
-34,
-105,
-129,
-99,
-32,
48,
115,
152,
157,
133,
88,
27,
-48,
-136,
-227,
-305,
-351,
-349,
-296,
-206,
-103,
-17,
33,
44,
29,
11,
12,
40,
86,
130,
153,
143,
105,
56,
21,
14,
38,
77,
111,
120,
95,
41,
-22,

