i,offset,gps,utc,f_ss,tau_min,rms_mHz,n,plateaued
0,1300.0,1473468171,2026-09-14T21:52:36Z,0.7497118258732645,22.62691630627824,0.0600239661488232,65,True
1,1250.0,1473472377,2026-09-14T23:02:38Z,0.7495030259506731,479.99999961300085,0.06576228299543027,65,True
2,1200.0,1473476583,2026-09-15T00:12:39Z,0.7502686902500001,21.649185118745,0.05879119057134395,65,True
3,1150.0,1473480790,2026-09-15T01:22:40Z,0.7504317775466072,5.790409485300516,0.06773479746683096,66,True
4,1100.0,1473484996,2026-09-15T02:32:41Z,0.7505103187138181,18.25445441079096,0.07041831179127253,65,True
5,1050.0,1473489202,2026-09-15T03:42:42Z,0.7510096638971154,63.13647345977203,1.546136508051837,65,True
6,1040.0,1473493409,2026-09-15T04:52:43Z,0.7498442266192958,479.999493887346,0.3332973350003094,65,True
7,1030.0,1473497615,2026-09-15T06:02:44Z,0.7483931013316377,7.206929293248664,0.4496942335527309,115,True
8,1020.0,1473504825,2026-09-15T08:02:46Z,0.7368221330168485,44.07025218860055,0.41570353973615337,90,True
9,1010.0,1473510535,2026-09-15T09:37:48Z,0.7273396889241642,31.94333298530287,0.3068913512814914,65,True
10,1000.0,1473514741,2026-09-15T10:47:49Z,0.7010594898951387,30.373375287704697,1.802495045475756,115,False
11,1000.0,1473521951,2026-09-15T12:47:51Z,0.6841934442161186,146.33008345418756,1.0206718582220788,145,False
